id;razon_social;razon_comercial;email;numero_documento_id;tipo_usuario_id;tipo_documento_id
1;EXE input disintermediate;Electronics Mississippi;Erich.Rowe47@yahoo.com;1;1;1
2;Internal override generate;zero defect;Mafalda.Bogan31@yahoo.com;2;2;2
3;synthesize Metrics PNG;Refined Concrete Keyboard;Mallory49@hotmail.com;3;3;3
4;Union SSL;multi-byte;August_Witting@yahoo.com;4;4;4
5;Generic Cotton Bacon Towels New York;circuit JBOD collaborative;Dennis.Effertz77@hotmail.com;5;5;5
6;Avon digital;Assistant Accounts Fish;Bradford53@yahoo.com;6;6;6
7;driver Avon;invoice;Garnet_McClure@hotmail.com;7;7;7
8;virtual Mauritania Cambridgeshire;Tools District;Logan.Osinski@gmail.com;8;8;8
9;orchid quantify;portals Tasty;Taurean.Schmeler74@gmail.com;9;9;9
10;Flat;Implemented bandwidth Gardens;Laron.Beatty@gmail.com;10;10;10
