id;nombre;apellido;email;numero_documento;tipo_usuario_id;tipo_documento_id
1;Ergonomic contextually-based Trace;Avon Illinois uniform;Hillary_Lockman9@gmail.com;Managed grow Berkshire;1;1
2;transmit bypassing;feed Bacon;Cathrine_Mitchell@gmail.com;Denmark alliance;2;2
3;Cambridgeshire;Practical Fresh Gloves Implementation Louisiana;Zetta_Russel36@yahoo.com;help-desk;3;3
4;ROI;Unbranded;Barrett62@hotmail.com;TCP CFP Franc;4;4
5;withdrawal indexing;Representative Granite;Regan32@gmail.com;Phased Consultant;5;5
6;challenge Metal;Savings Account;Emmalee.Auer21@gmail.com;USB instruction set Myanmar;6;6
7;Assurance Licensed redundant;deposit transition;Hayden.Ritchie@yahoo.com;grey utilize granular;7;7
8;Credit Card Account;Music Credit Card Account;Orlo.Bruen45@hotmail.com;Concrete Planner models;8;8
9;AGP Personal Loan Account;whiteboard;Zackary.Kshlerin70@hotmail.com;EXE Awesome;9;9
10;West Virginia;web-readiness;Issac_Schoen@hotmail.com;Cambridgeshire Assimilated;10;10
